<users>
  <user>
    <username>admin</username>
    <password hash="sha256">newhash</password>
    <role>Administrator</role>
  </user>
  <user>
    <username>vpnuser</username>
    <password hash="sha256">newhash</password>
    <role>User</role>
  </user>
  <user>
    <username>secops</username>
    <password hash="sha256">newhash</password>
    <role>Security</role>
  </user>
  <user>
    <username>itmanager</username>
    <password hash="sha256">newhash</password>
    <role>Administrator</role>
  </user>
  <user>
    <username>intern</username>
    <password hash="sha256">newhash</password>
    <role>Guest</role>
  </user>
  <user>
    <username>devops</username>
    <password hash="sha256">newhash</password>
    <role>Developer</role>
  </user>
</users>
